category	name	url	todo	note
Windows repair and recovery	System File Checker (SFC)	https://learn.microsoft.com/windows-server/administration/windows-commands/sfc	Add scan-only and user-approved sfc /scannow runs with CBS log import.	Administrator; repair changes system files.
Windows repair and recovery	DISM	https://learn.microsoft.com/windows-hardware/manufacture/desktop/repair-a-windows-image	Add CheckHealth/ScanHealth evidence and approved RestoreHealth with source selection and DISM logs.	Administrator; downloads or repair sources may be required.
Windows repair and recovery	CHKDSK	https://learn.microsoft.com/windows-server/administration/windows-commands/chkdsk	Add read-only status and approved /f or /r workflows with volume selection and result import.	Repairs can require reboot; /r can heavily read failing media.
Windows repair and recovery	Startup Repair	https://support.microsoft.com/en-us/windows/experience/startup-boot/startup-repair	Add WinRE guidance and boot-repair result attachment.	Restart and recovery-key readiness required.
Windows repair and recovery	Windows Memory Diagnostic	https://support.microsoft.com/en-US/Windows/Experience/Performance-Optimization/how-to-fix-error-0xa-irql-not-less-or-equal	Add mdsched handoff, restart notice and MemoryDiagnostics-Results event import.	Reboot required; complement with bootable RAM tests.
Windows repair and recovery	System Restore	https://support.microsoft.com/en-us/windows/experience/backup-recovery/recovery-options-in-windows	Add restore-point inventory and user-selected rstrui handoff with before/after evidence.	Restores system configuration; does not replace data backup.
Windows repair and recovery	BCDEdit	https://learn.microsoft.com/windows-server/administration/windows-commands/bcdedit	Import boot configuration; add backed-up, previewed boot-edit workflows.	Boot changes require explicit selection.
Windows repair and recovery	BCDBoot	https://learn.microsoft.com/windows-hardware/manufacture/desktop/bcdboot-command-line-options-techref-di	Add boot-file recovery guidance with verified OS and EFI target selection.	Can change boot files.
Windows repair and recovery	Bootrec	https://learn.microsoft.com/windows-hardware/manufacture/desktop/windows-recovery-environment--windows-re--technical-reference	Add WinRE boot-repair guidance and command-result attachment.	Recovery environment; boot changes.
Windows repair and recovery	ReAgentC	https://learn.microsoft.com/windows-hardware/manufacture/desktop/reagentc-command-line-options	Import reagentc /info and add approved WinRE configuration workflow.	Configuration changes separated from inventory.
Windows repair and recovery	MBR2GPT	https://learn.microsoft.com/windows/deployment/mbr-to-gpt	Add validation-only reports and separately approved conversion guidance.	Partition conversion and firmware boot changes.
Windows graphical diagnostics	Event Viewer	https://learn.microsoft.com/shows/inside/event-viewer	Add eventvwr launcher, saved filters and correlated event handoff.	Event logs can contain personal identifiers.
Windows graphical diagnostics	Reliability Monitor	https://learn.microsoft.com/windows-server/administration/windows-commands/perfmon	Add perfmon /rel launcher and reliability timeline import.	Correlate failures without assuming causation.
Windows graphical diagnostics	Resource Monitor	https://learn.microsoft.com/windows-server/administration/windows-commands/perfmon	Add resmon launcher and selected-process CPU/disk/network investigation guidance.	
Windows graphical diagnostics	Task Manager	https://learn.microsoft.com/windows-server/administration/windows-commands/tasklist	Add taskmgr launcher and process/startup inventory correlation.	Process termination remains user-controlled.
Windows graphical diagnostics	Device Manager	https://learn.microsoft.com/windows-hardware/drivers/install/using-device-manager	Add devmgmt.msc launcher with device fault and driver-version correlation.	Driver changes are separate actions.
Windows graphical diagnostics	System Information (msinfo32)	https://support.microsoft.com/en-au/windows/experience/description-of-microsoft-system-information-msinfo32-exe-tool	Add msinfo32 launcher and bounded .nfo export/import; avoid indefinite collector waits.	Exports can include machine identifiers.
Windows graphical diagnostics	Disk Management	https://learn.microsoft.com/windows-server/storage/disk-management/overview-of-disk-management	Add diskmgmt.msc handoff from volume findings.	Partition operations can destroy data.
Windows graphical diagnostics	DirectX Diagnostic Tool (dxdiag)	https://support.microsoft.com/en-us/windows/hardware/display-graphics/which-version-of-directx-is-on-your-pc	Add dxdiag launcher and /t report import for display/audio drivers.	
Windows graphical diagnostics	Performance Monitor	https://learn.microsoft.com/windows-server/administration/windows-commands/perfmon	Add perfmon launcher, bounded counter capture and report attachments.	Long captures require duration and disk limits.
Guided troubleshooters	Get Help / Settings Troubleshooters	https://support.microsoft.com/en-us/support/get-help/running-troubleshooters-in-get-help	Add Get Help and Settings handoffs for audio, network, Update, Bluetooth, printers and cameras.	Availability varies by Windows build.
Maintenance and cleanup	Storage Sense	https://support.microsoft.com/en-us/windows/experience/storage-filemanagement/manage-drive-space-with-storage-sense	Add Storage Settings handoff and storage-pressure evidence.	Cleanup selection remains user-controlled.
Maintenance and cleanup	Disk Cleanup	https://learn.microsoft.com/windows-server/administration/windows-commands/cleanmgr	Add cleanmgr handoff and selected cleanup audit.	Deletes selected files.
Maintenance and cleanup	Defragment and Optimize Drives	https://learn.microsoft.com/windows-server/administration/windows-commands/defrag	Add dfrgui handoff and media-aware optimization status.	HDD defragmentation and SSD TRIM require different handling.
Maintenance and cleanup	Microsoft PC Manager	https://pcmanager.microsoft.com/	Add official product link, installed detection and user-selected launch.	Check region, Store availability and current terms.
Maintenance and cleanup	CCleaner	https://www.ccleaner.com/ccleaner	Add external cleanup handoff and current edition/licensing review.	Prefer Storage Sense; do not automate registry cleaning.
Maintenance and cleanup	BleachBit	https://www.bleachbit.org/	Add installed detection, preview-results attachment and user-approved cleanup handoff.	Deletes selected data; preview first.
Maintenance and cleanup	WizTree	https://diskanalyzer.com/	Add disk-usage report import and selected-path handoff.	Review commercial terms.
Maintenance and cleanup	WinDirStat	https://windirstat.net/	Add disk-usage report attachment and installed-tool launcher.	
Performance tracing	Windows Performance Toolkit (WPT)	https://learn.microsoft.com/windows-hardware/test/wpt/	Add ADK component detection and bounded ETW capture workflow.	Trace files can be large and contain private data.
Performance tracing	Windows Performance Analyzer (WPA)	https://learn.microsoft.com/windows-hardware/test/wpt/windows-performance-analyzer	Add selected ETL handoff and CPU, disk, power and wait-analysis guidance.	
Performance tracing	GPUView	https://learn.microsoft.com/windows-hardware/drivers/display/using-gpuview	Add GPU ETW capture guidance and GPUView trace handoff.	Targeted advanced analysis.
Performance tracing	Microsoft PIX	https://devblogs.microsoft.com/pix/	Add official installation link and user-selected graphics capture handoff.	Check supported workload and current terms.
Performance tracing	Windows Performance Recorder (WPR)	https://learn.microsoft.com/windows-hardware/test/wpt/windows-performance-recorder	Add bounded profile selection, start/stop controls and ETL evidence registration.	Capture requires explicit duration and storage budget.
Performance tracing	Windows Assessment Toolkit	https://learn.microsoft.com/windows-hardware/test/assessments/	Add ADK assessment guidance and assessment-result import.	
Performance tracing	LatencyMon	https://www.resplendence.com/latencymon	Add DPC/ISR and hard-pagefault report import for audio/driver latency cases.	Check edition terms.
Hardware inventory and sensors	CPU-Z	https://www.cpuid.com/softwares/cpu-z.html	Add CPU, motherboard, RAM timing and SPD report import.	
Hardware inventory and sensors	GPU-Z	https://www.techpowerup.com/gpuz/	Add GPU identity, VRAM, firmware and sensor log import.	
Hardware inventory and sensors	HWMonitor	https://www.cpuid.com/softwares/hwmonitor.html	Add sensor report attachment and units/time normalization.	
Hardware inventory and sensors	LibreHardwareMonitor	https://github.com/LibreHardwareMonitor/LibreHardwareMonitor	Complete provider detection, adapter compatibility and normalized temperature/fan/voltage evidence.	Existing verified installer and sensor adapter are partial integrations.
Hardware inventory and sensors	HWiNFO64	https://www.hwinfo.com/	Add optional CSV import and licensed installed-provider handoff.	Do not treat freeware as licensed for ongoing commercial use; review upstream licence.
Hardware inventory and sensors	Core Temp	https://www.alcpu.com/CoreTemp/	Add per-core temperature log import.	Review commercial and redistribution terms.
Hardware inventory and sensors	MSI Afterburner	https://www.msi.com/Landing/afterburner/graphics-cards	Add GPU telemetry import and installed-tool launch.	Do not automatically change clocks, voltage or power limits.
Hardware inventory and sensors	BatteryInfoView	https://www.nirsoft.net/utils/battery_information_view.html	Add battery wear/history export import and laptop-only relevance checks.	
Hardware inventory and sensors	powercfg /batteryreport	https://learn.microsoft.com/windows-hardware/design/device-experiences/powercfg-command-line-options	Extend existing battery report collection with normalized capacity, wear and cycle evidence.	Battery identifiers may need redaction.
Hardware bench tests	MemTest86	https://www.memtest86.com/	Add boot-media instructions and result import with pass count and failing addresses.	PassMark edition limits and commercial terms require review.
Hardware bench tests	Memtest86+	https://www.memtest.org/	Add boot-media workflow and timestamped RAM-test result attachment.	GPL v2; reboot required.
Hardware bench tests	OCCT	https://www.ocbase.com/	Add approved stress-test handoff, temperature limits and report import.	Personal/free licence excludes commercial use: https://www.ocbase.com/eula
Hardware bench tests	Prime95	https://www.mersenne.org/download/	Add bounded CPU/RAM stress-test guidance and result attachment.	Heat/load can expose instability; explicit start/stop required.
Hardware bench tests	FurMark	https://geeks3d.com/furmark/	Add bounded GPU thermal-test guidance and result attachment.	High GPU load; use temperature limits.
Hardware bench tests	Cinebench	https://www.maxon.net/en/cinebench	Add reproducible benchmark metadata and result comparison.	Benchmark score does not establish hardware health alone.
Hardware bench tests	CrystalDiskMark	https://crystalmark.info/en/software/crystaldiskmark/	Add user-selected drive benchmark and result import.	Writes test data; avoid stressing failing drives.
Hardware bench tests	CrystalMark 3D25	https://crystalmark.info/en/software/crystalmark3d25/	Add CPU/GPU/system benchmark results with version and workload context.	Review current availability and terms before installer integration.
Hardware bench tests	Dell SupportAssist / ePSA	https://www.dell.com/support/home/en-us	Add model-aware Dell preboot diagnostics guidance and result attachment.	Vendor and model-specific availability.
Hardware bench tests	HP PC Hardware Diagnostics UEFI	https://support.hp.com/help/hp-pc-hardware-diagnostics	Add HP model-specific UEFI diagnostics handoff and failure-ID capture.	
Hardware bench tests	Lenovo Diagnostics	https://support.lenovo.com/solutions/ht506581	Add model-aware Lenovo diagnostics guidance and result attachment.	
Hardware bench tests	PassMark MonitorTest	https://www.passmark.com/products/monitortest/	Add display/pixel test guidance and photographed-result attachment.	Check trial/commercial terms; do not label all PassMark products free.
Hardware bench tests	Keyboard / touchpad testers	https://www.passmark.com/products/keytest/	Add a built-in key/button/touchpad intake checklist plus optional KeyboardTest handoff.	Vendor utility terms vary; avoid sending key input to third-party web testers.
Storage health and inventory	CrystalDiskInfo	https://crystalmark.info/en/software/crystaldiskinfo/	Add SMART report import and vendor-aware health interpretation.	
Storage health and inventory	smartmontools	https://www.smartmontools.org/	Extend smartctl inventory integration with explicit device selection and self-test result import.	Self-tests require separate selection; unsupported bridges degrade gracefully.
Storage health and inventory	GSmartControl	https://gsmartcontrol.shaduri.dev/	Add SMART GUI launcher and self-test report import.	
Storage health and inventory	HDDScan	https://hddscan.com/	Add SMART and surface-response report attachment.	Surface tests can heavily read failing media.
Storage health and inventory	Vendor SSD utilities	https://semiconductor.samsung.com/consumer-storage/magician/	Add vendor-aware links for Samsung Magician and other drive vendors; import health/firmware reports.	Firmware updates and erase functions require separate workflows and matching hardware.
Storage health and inventory	DiskPart	https://learn.microsoft.com/windows-server/administration/windows-commands/diskpart	Add read-only disk/volume inventory and explicit preview for any later partition workflow.	Never auto-run clean, format or partition deletion.
Storage health and inventory	Get-PhysicalDisk	https://learn.microsoft.com/powershell/module/storage/get-physicaldisk	Extend normalized physical-disk health/status collection.	
Storage health and inventory	Get-StorageReliabilityCounter	https://learn.microsoft.com/powershell/module/storage/get-storagereliabilitycounter	Extend supported temperature, wear and error counter collection with unavailable-field handling.	
Storage health and inventory	Get-Disk / Get-Volume / Get-Partition	https://learn.microsoft.com/powershell/module/storage/	Add linked disk/volume/partition inventory with stable device identifiers.	
Storage health and inventory	mountvol	https://learn.microsoft.com/windows-server/administration/windows-commands/mountvol	Import volume GUID and mount-point inventory.	Mount changes require explicit action.
Storage health and inventory	fsutil	https://learn.microsoft.com/windows-server/administration/windows-commands/fsutil	Add read-only NTFS, dirty-bit and TRIM query evidence.	Mutating subcommands excluded from automatic collection.
Storage health and inventory	compact	https://learn.microsoft.com/windows-server/administration/windows-commands/compact	Import compression and CompactOS status.	Compression changes require explicit action.
Data erasure and ITAD	DBAN	https://dban.org/	Add legacy HDD boot-media guidance and erasure-result attachment.	Legacy HDD-only option; not SSD/NVMe sanitisation.
Data erasure and ITAD	ShredOS / nwipe	https://github.com/PartialVolume/shredos.x86_64	Add boot-media preparation guidance and target-verified erasure log import.	Destructive; separate intake approval and serial-number verification.
Data erasure and ITAD	Manufacturer secure erase / NVMe sanitise	https://nvmexpress.org/specifications/	Add vendor-specific sanitisation support checks and certificate/evidence attachment.	Destructive; use supported firmware commands and verified device identity.
Data erasure and ITAD	Parted Magic	https://partedmagic.com/	Add licensed boot-media handoff and erase-result attachment.	Paid product; destructive operations require explicit workflow.
Data erasure and ITAD	Blancco	https://www.blancco.com/	Add commercial erasure certificate import and asset linkage.	Commercial product; certification requirements depend on policy.
Data erasure and ITAD	SDelete	https://learn.microsoft.com/sysinternals/downloads/sdelete	Add separately selected file/free-space deletion guidance and logging.	Not a substitute for SSD/NVMe device sanitisation.
Boot media and imaging	Windows PE / WinPE	https://learn.microsoft.com/windows-hardware/manufacture/desktop/winpe-intro	Add ADK/WinPE detection and technician media preparation checklist.	Review deployment and redistribution terms.
Boot media and imaging	Rufus	https://rufus.ie/	Add boot-media handoff with ISO checksum and USB target identification.	Writing media destroys its existing contents.
Boot media and imaging	Ventoy	https://www.ventoy.net/	Add multi-ISO media checklist, verified downloads and USB target selection.	Initial media installation can erase the USB.
Boot media and imaging	Hiren's BootCD PE	https://www.hirensbootcd.org/	Add official media link and external-session evidence import.	Check licensing of included utilities individually.
Boot media and imaging	Medicat USB	https://medicatusb.com/	Add external media documentation link and result attachment.	Review bundled software provenance and redistribution terms.
Boot media and imaging	Macrium Reflect	https://www.macrium.com/reflect	Add current licensed imaging product handoff and backup log import.	Reflect Free is retired: https://www.macrium.com/product-support-policy
Boot media and imaging	Clonezilla	https://clonezilla.org/	Add clone/image planning checklist and operation log attachment.	Verify source/destination; restore overwrites destination.
Boot media and imaging	Rescuezilla	https://rescuezilla.com/	Add graphical image/restore handoff and result attachment.	Verify source/destination before restore.
Boot media and imaging	Disk2vhd	https://learn.microsoft.com/sysinternals/downloads/disk2vhd	Add explicit volume selection and VHD evidence registration.	Images contain private data; storage budget required.
Boot media and imaging	Robocopy	https://learn.microsoft.com/windows-server/administration/windows-commands/robocopy	Add previewed migration/copy jobs with logs, retries and verification.	/mir can delete destination data; must never be an implicit default.
Boot media and imaging	certutil -hashfile	https://learn.microsoft.com/windows-server/administration/windows-commands/certutil	Add SHA-256 file/media verification and expected-digest comparison.	
File and partition recovery	TestDisk	https://www.cgsecurity.org/wiki/TestDisk	Add partition-recovery guidance and result/log attachment.	Prefer working from an image; partition writes require separate approval.
File and partition recovery	PhotoRec	https://www.cgsecurity.org/wiki/PhotoRec	Add recovery handoff and output inventory.	Recover to a different destination drive.
File and partition recovery	Recuva	https://www.ccleaner.com/recuva	Add installed-tool handoff and recovery result attachment.	Check edition and commercial terms; avoid source writes.
File and partition recovery	DMDE	https://dmde.com/	Add image-based recovery guidance and result attachment.	Free-edition limits and commercial terms require review.
File and partition recovery	GNU ddrescue	https://www.gnu.org/software/ddrescue/	Add failing-drive imaging guidance with mapfile import and resumable-job metadata.	Boot/Linux workflow; verify source/destination before writing.
Sysinternals	Sysinternals Suite	https://learn.microsoft.com/sysinternals/downloads/sysinternals-suite	Add suite discovery, per-tool capability/privilege metadata and official verified installation.	Microsoft licence applies; individual tools have different risks.
Sysinternals	Process Explorer	https://learn.microsoft.com/sysinternals/downloads/process-explorer	Add selected-process handles/DLL investigation handoff.	VirusTotal lookups need disclosure and user selection.
Sysinternals	Autoruns	https://learn.microsoft.com/sysinternals/downloads/autoruns	Add startup inventory import and signed-entry comparison.	Disable/delete actions and VirusTotal submission remain explicit.
Sysinternals	Process Monitor (Procmon)	https://learn.microsoft.com/sysinternals/downloads/procmon	Add bounded capture profiles and PML/CSV report attachments.	High-volume traces can contain private file/registry paths.
Sysinternals	PsTools	https://learn.microsoft.com/sysinternals/downloads/pstools	Add local tool discovery and separately configured remote handoffs.	Remote execution requires explicit targets and credentials.
Sysinternals	ProcDump	https://learn.microsoft.com/sysinternals/downloads/procdump	Add user-selected process dump capture with triggers and disk limits.	Memory dumps can contain secrets.
Sysinternals	TCPView	https://learn.microsoft.com/sysinternals/downloads/tcpview	Add network connection snapshot import and launcher.	
Sysinternals	RAMMap	https://learn.microsoft.com/sysinternals/downloads/rammap	Add memory snapshot attachment and memory-pressure correlation.	
Sysinternals	Sigcheck	https://learn.microsoft.com/sysinternals/downloads/sigcheck	Add signature/hash inventory for selected binaries.	VirusTotal submission must be optional and disclosed.
Sysinternals	BgInfo	https://learn.microsoft.com/sysinternals/downloads/bginfo	Add technician asset-summary handoff.	Do not expose private identifiers on shared/public desktops.
Sysinternals	Sysmon	https://learn.microsoft.com/sysinternals/downloads/sysmon	Add existing-log import and separately approved installation/configuration workflow.	Persistent telemetry/service; retention and privacy controls required.
Sysinternals	VMMap	https://learn.microsoft.com/sysinternals/downloads/vmmap	Add selected-process memory analysis and snapshot attachment.	
Sysinternals	Coreinfo	https://learn.microsoft.com/sysinternals/downloads/coreinfo	Add CPU topology, cache, feature and virtualisation report import.	No release-date assumptions.
Sysinternals	Handle	https://learn.microsoft.com/sysinternals/downloads/handle	Add selected-file lock investigation and report import.	Do not automatically close handles.
Sysinternals	ListDLLs	https://learn.microsoft.com/sysinternals/downloads/listdlls	Add loaded-module inventory for selected processes.	
Sysinternals	LiveKd	https://learn.microsoft.com/sysinternals/downloads/livekd	Add advanced kernel investigation handoff with debugger detection.	Privileged advanced workflow.
Sysinternals	DebugView	https://learn.microsoft.com/sysinternals/downloads/debugview	Add bounded debug-output capture and log attachment.	Logs may contain private application data.
Sysinternals	PsInfo	https://learn.microsoft.com/sysinternals/downloads/psinfo	Add local report import and separately authorized remote inventory.	
Sysinternals	PsPing	https://learn.microsoft.com/sysinternals/downloads/psping	Add bounded TCP/ICMP latency and throughput tests.	Only user-selected, authorized targets.
Sysinternals	DU	https://learn.microsoft.com/sysinternals/downloads/du	Add selected-directory disk-usage import.	
Crash dumps and drivers	WinDbg / cdb	https://learn.microsoft.com/windows-hardware/drivers/debugger/	Complete installed-tool detection, symbol/cache setup, dump handoff and bounded debugger-output import.	Debugger presence alone does not mean symbolized analysis is implemented.
Crash dumps and drivers	BlueScreenView	https://www.nirsoft.net/utils/blue_screen_view.html	Add BSOD history report import and correlation with native dump parser.	A listed driver is not automatically the root cause.
Crash dumps and drivers	WhoCrashed	https://www.resplendence.com/whocrashed	Add external dump-analysis report attachment and installed-tool launch.	Review edition/commercial terms; preserve uncertainty.
Crash dumps and drivers	Driver Verifier	https://learn.microsoft.com/windows-hardware/drivers/devtest/driver-verifier	Add advanced targeted driver verification guidance with rollback/recovery plan.	Can deliberately trigger BSODs; never automatic.
Crash dumps and drivers	PnPUtil	https://learn.microsoft.com/windows-hardware/drivers/devtest/pnputil	Add driver-store inventory/export; separate any install/remove workflow.	Driver removal can break device or boot functionality.
Crash dumps and drivers	Get-PnpDevice	https://learn.microsoft.com/powershell/module/pnpdevice/get-pnpdevice	Add normalized device fault/status collection.	
Crash dumps and drivers	DriverStore Explorer	https://github.com/lostindark/DriverStoreExplorer	Add driver inventory handoff and report attachment.	Package deletion must remain explicit.
Crash dumps and drivers	Double Driver	https://www.boozet.org/dd.htm	Add legacy driver-backup reference with current availability/provenance review.	Legacy; prefer supported PnPUtil export when possible.
Crash dumps and drivers	Snappy Driver Installer Origin	https://www.snappy-driver-installer.org/	Add optional driver-source handoff and exact package provenance checks.	Prefer OEM drivers; do not auto-apply bulk updates.
Deployment and PowerShell	Windows ADK	https://learn.microsoft.com/windows-hardware/get-started/adk-install	Add component detection and deployment/recovery toolkit setup guidance.	WinPE is a separate add-on; version compatibility matters.
Deployment and PowerShell	Get-WindowsAutopilotInfo	https://learn.microsoft.com/autopilot/add-devices	Add authorized hardware-hash export and tenant intake handoff.	Hardware hashes/device identifiers are private; no automatic tenant enrollment.
Deployment and PowerShell	PSWindowsUpdate	https://www.powershellgallery.com/packages/PSWindowsUpdate	Add opt-in module provenance/version checks and update inventory.	Third-party module; installs/reboots require explicit workflow.
Deployment and PowerShell	Get-WinEvent filtering	https://learn.microsoft.com/powershell/module/microsoft.powershell.diagnostics/get-winevent	Extend existing event collection with saved filters and bounded queries.	
Deployment and PowerShell	Get-CimInstance / Get-WmiObject	https://learn.microsoft.com/powershell/module/cimcmdlets/get-ciminstance	Extend hardware/OS inventory with normalized CIM queries and bounded timeouts.	Prefer CIM; Get-WmiObject is legacy Windows PowerShell functionality.
Network diagnostics	Wireshark	https://www.wireshark.org/	Add explicit capture-interface selection and PCAP evidence attachment.	Packet capture can expose credentials and personal traffic.
Network diagnostics	Nmap / Zenmap	https://nmap.org/	Add user-authorized target scope, bounded discovery and XML result import.	Scan only approved networks; review licence and redistribution terms.
Network diagnostics	Advanced IP Scanner	https://www.advanced-ip-scanner.com/	Add discovery report attachment and authorized subnet handoff.	
Network diagnostics	Angry IP Scanner	https://angryip.org/	Add bounded authorized discovery and CSV result import.	
Network diagnostics	PingPlotter	https://www.pingplotter.com/	Add route/latency result import and current edition check.	Free/trial availability must be reviewed.
Network diagnostics	WinMTR	https://github.com/White-Tiger/WinMTR	Add route/packet-loss report import.	Intermediate hop loss alone does not establish endpoint loss.
Network diagnostics	iperf3	https://software.es.net/iperf/	Add controlled client/server throughput testing and JSON import.	Verify Windows binary provenance; bandwidth load requires user selection.
Network diagnostics	Fing	https://www.fing.com/	Add discovery report attachment and licensed account handoff.	Review plan and cloud data handling.
Network diagnostics	NetSpot	https://www.netspotapp.com/	Add Wi-Fi survey report attachment and edition capabilities review.	Review free/commercial edition restrictions.
Network diagnostics	inSSIDer / Wi-Fi Analyzer alternatives	https://www.metageek.com/inssider/	Add Wi-Fi survey link catalog and user-selected report attachment.	Choose current supported vendor/Store tools; no blanket freeware claim.
Network diagnostics	Netsh	https://learn.microsoft.com/windows-server/administration/windows-commands/netsh	Add read-only network configuration snapshots.	Configuration mutations are separate actions.
Network diagnostics	pathping	https://learn.microsoft.com/windows-server/administration/windows-commands/pathping	Add bounded path/packet-loss collection for a user-selected host.	
Network diagnostics	nslookup / Resolve-DnsName	https://learn.microsoft.com/powershell/module/dnsclient/resolve-dnsname	Add DNS response, resolver and timing evidence.	
Network diagnostics	PktMon	https://learn.microsoft.com/windows-server/networking/technologies/pktmon/pktmon	Add bounded packet capture and conversion/import workflow.	Administrator and privacy controls.
Network diagnostics	netsh trace	https://learn.microsoft.com/windows-server/networking/technologies/netsh/netsh-contexts	Add bounded network ETW capture and trace handoff.	Explicit capture duration and stop control.
Network diagnostics	Test-NetConnection	https://learn.microsoft.com/powershell/module/nettcpip/test-netconnection	Add selected-host ping/TCP/route tests and normalized results.	
Network diagnostics	Get-NetAdapter	https://learn.microsoft.com/powershell/module/netadapter/get-netadapter	Add NIC status, link and driver metadata.	
Network diagnostics	Get-NetTCPConnection	https://learn.microsoft.com/powershell/module/nettcpip/get-nettcpconnection	Add process-linked TCP snapshot collection.	Connection endpoints may be private.
Network diagnostics	route print / arp -a / netstat -ano	https://learn.microsoft.com/windows-server/administration/windows-commands/netstat	Add bounded route, neighbour and process-linked socket snapshots.	
Network diagnostics	ipconfig /all, /flushdns, /registerdns	https://learn.microsoft.com/windows-server/administration/windows-commands/ipconfig	Add configuration inventory; separate explicit DNS cache/registration repair actions.	DNS repairs change network state.
Console access	PuTTY	https://www.chiark.greenend.org.uk/~sgtatham/putty/	Add installed-terminal handoff with user-selected host and protocol.	Do not store plaintext credentials.
Console access	Tera Term	https://teratermproject.github.io/	Add serial/SSH console handoff with selected endpoint.	
Console access	MobaXterm	https://mobaxterm.mobatek.net/	Add installed-terminal handoff and edition/licensing review.	Review commercial and session limits.
Remote support and MSP	MeshCentral	https://meshcentral.com/	Add separately configured instance link and authorized device handoff.	Do not assume remembered deployments are live; verify endpoint.
Remote support and MSP	RustDesk	https://rustdesk.com/	Add installed-client handoff and explicit remote-session controls.	Verify self-hosted/public service settings and edition terms.
Remote support and MSP	AnyDesk	https://anydesk.com/	Add licensed installed-client handoff and session evidence attachment.	Free version is personal/non-professional: https://anydesk.com/en/commercial-use
Remote support and MSP	Quick Assist	https://support.microsoft.com/en-us/windows/apps/solve-pc-problems-remotely-using-quick-assist	Add user-selected Quick Assist launch and session guidance.	Remote control requires participant consent.
Remote support and MSP	Action1	https://www.action1.com/	Add configured tenant link and authorized patch/inventory handoff.	Verify current free-tier and commercial terms; do not hard-code endpoint quotas.
Assets and monitoring	Lansweeper	https://www.lansweeper.com/	Add asset import/API integration design and licensed instance link.	Review current free/trial terms.
Assets and monitoring	Snipe-IT	https://snipeitapp.com/	Add device/serial mapping and separately configured asset API integration.	Scoped credentials and private inventory.
Assets and monitoring	GLPI	https://glpi-project.org/	Add asset/ticket linkage and configured server handoff.	
Assets and monitoring	Zabbix	https://www.zabbix.com/	Add monitoring link and selected-device metrics import.	
Assets and monitoring	Netdata	https://www.netdata.cloud/	Add monitoring handoff with deployment/platform capability checks.	Review cloud plan and data handling.
Assets and monitoring	PRTG	https://www.paessler.com/prtg	Add selected-device monitoring links and export import.	Verify current free sensor limits and commercial terms.
Identity, policy and security posture	RSAT	https://learn.microsoft.com/windows-server/remote/remote-server-administration-tools	Add feature detection and selected AD/GPO console handoffs.	Authorized administrative scope required.
Identity, policy and security posture	gpresult /h / Group Policy tools	https://learn.microsoft.com/windows-server/administration/windows-commands/gpresult	Add applied-policy report collection and redacted export.	Policy reports can contain domain/user identifiers.
Identity, policy and security posture	Resultant Set of Policy (rsop)	https://learn.microsoft.com/windows-server/identity/ad-ds/manage/group-policy/group-policy-modeling-results	Add rsop.msc console handoff and policy correlation.	
Identity, policy and security posture	BloodHound CE	https://bloodhound.specterops.io/	Add separately scoped AD assessment handoff and finding attachment.	Privileged sensitive directory data; explicit organizational authorization.
Identity, policy and security posture	PingCastle	https://www.pingcastle.com/	Add AD health report attachment and current licence review.	Authorized assessment only.
Identity, policy and security posture	Purple Knight	https://www.semperis.com/purple-knight/	Add authorized directory-security assessment report attachment.	Review current terms and collection scope.
Identity, policy and security posture	Microsoft Security Compliance Toolkit	https://learn.microsoft.com/windows/security/operating-system-security/device-management/windows-security-configuration-framework/security-compliance-toolkit-10	Add baseline comparison and policy-diff import.	Applying baselines requires a separate change workflow.
Identity, policy and security posture	Microsoft Secure Score	https://learn.microsoft.com/defender-xdr/microsoft-secure-score	Add separately configured tenant link and authorized score export attachment.	Cloud permissions and licensing required.
Identity, policy and security posture	whoami /all	https://learn.microsoft.com/windows-server/administration/windows-commands/whoami	Add token, group and privilege evidence with redaction.	User/group identifiers are private.
Identity, policy and security posture	dsregcmd /status	https://learn.microsoft.com/entra/identity/devices/troubleshoot-device-dsregcmd	Add Entra join/authentication state report and redaction.	Do not automate join/leave operations.
Identity, policy and security posture	MDMDiagnosticTool	https://learn.microsoft.com/windows/client-management/mdm-collect-logs	Add bounded MDM diagnostic export and import.	Logs can contain tenant and device identifiers.
Identity, policy and security posture	manage-bde / Get-BitLockerVolume	https://learn.microsoft.com/powershell/module/bitlocker/get-bitlockervolume	Extend encryption-state inventory and recovery-readiness guidance.	Never expose recovery passwords in reports; encryption changes remain explicit.
Identity, policy and security posture	Get-Tpm / tpm.msc	https://learn.microsoft.com/powershell/module/trustedplatformmodule/get-tpm	Add TPM status collection and console handoff.	Never auto-clear TPM.
Identity, policy and security posture	Confirm-SecureBootUEFI	https://learn.microsoft.com/powershell/module/secureboot/confirm-securebootuefi	Add Secure Boot status evidence with unsupported-platform handling.	No firmware changes during collection.
Malware investigation	Malwarebytes	https://www.malwarebytes.com/	Add second-opinion scan handoff and result import.	Review personal/business licence and remediation behavior.
Malware investigation	AdwCleaner	https://www.malwarebytes.com/adwcleaner	Add user-selected scan/report import and remediation preview.	Cleanup is a separate user action.
Malware investigation	Kaspersky Virus Removal Tool	https://www.kaspersky.com/downloads/free-virus-removal-tool	Add external reference and current availability/provenance/policy review before any handoff.	Regional availability and organizational policy can restrict use.
Malware investigation	ESET Online Scanner	https://www.eset.com/int/home/online-scanner/	Add scan handoff and timestamped result import.	Review licence and network requirements.
Malware investigation	Windows Defender Offline scan	https://learn.microsoft.com/defender-endpoint/microsoft-defender-offline	Add readiness checks and separately approved offline scan handoff with result import.	Reboot required; quarantine actions can change files.
Malware investigation	TDSSKiller	https://support.kaspersky.com/common/disinfection	Add legacy reference with current product availability and policy review.	Do not promise a currently supported standalone download.
Malware investigation	RKill	https://www.bleepingcomputer.com/download/rkill/	Add manual remediation guidance and log attachment from the publisher page.	Stops processes; user-selected remediation only.
Malware investigation	HitmanPro	https://www.hitmanpro.com/	Add scan/report handoff and current trial/commercial terms review.	Do not equate trial remediation with free commercial licensing.
Malware investigation	Microsoft Safety Scanner (MSERT)	https://learn.microsoft.com/defender-endpoint/safety-scanner-download	Add current official download, scan handoff and log import.	Definition freshness matters; review scan/remediation choices.
Malware investigation	Get-MpComputerStatus / Start-MpScan	https://learn.microsoft.com/powershell/module/defender/	Add Defender health inventory and separately selected scan types/results.	Scanning/remediation requires explicit workflow.
Malware investigation	Windows Sandbox	https://learn.microsoft.com/windows/security/application-security/application-isolation/windows-sandbox/	Add edition/feature detection and user-selected isolated test guidance.	Do not expose host folders or networking implicitly for suspect files.
Windows administration	Windows Firewall Advanced Security	https://learn.microsoft.com/windows/security/operating-system-security/network-security/windows-firewall/	Add wf.msc launcher and rule/profile inventory.	Rule changes require explicit user action.
Windows administration	Registry Editor / reg.exe	https://learn.microsoft.com/windows-server/administration/windows-commands/reg	Add selected-key read/export evidence and registry-editor handoff.	Imports/deletes require backups and explicit selection.
Windows administration	Services / sc.exe	https://learn.microsoft.com/windows-server/administration/windows-commands/sc-query	Add services.msc handoff and state/configuration inventory.	Stop/start/configure actions remain explicit.
Windows administration	Task Scheduler / schtasks	https://learn.microsoft.com/windows-server/administration/windows-commands/schtasks	Add taskschd.msc handoff and scheduled-task inventory.	Create/delete/disable actions remain explicit.
Windows administration	System Configuration (msconfig)	https://support.microsoft.com/en-us/windows/experience/startup-boot/how-to-perform-a-clean-boot-in-windows	Add clean-boot guidance and msconfig handoff with rollback checklist.	Boot/service isolation changes require user selection.
Power diagnostics	powercfg /energy	https://learn.microsoft.com/windows-hardware/design/device-experiences/powercfg-command-line-options	Add bounded energy report collection and normalized power warnings.	Some reports require elevation and quiet capture periods.
Power diagnostics	powercfg /sleepstudy	https://learn.microsoft.com/windows-hardware/design/device-experiences/powercfg-command-line-options	Add Modern Standby session import and unsupported-device handling.	
Power diagnostics	powercfg /requests	https://learn.microsoft.com/windows-hardware/design/device-experiences/powercfg-command-line-options	Add sleep-blocking process/driver inventory.	
Power diagnostics	powercfg /lastwake	https://learn.microsoft.com/windows-hardware/design/device-experiences/powercfg-command-line-options	Extend existing wake-source collection and event correlation.	
Power diagnostics	powercfg /systempowerreport	https://learn.microsoft.com/windows-hardware/design/device-experiences/powercfg-command-line-options	Extend existing power-transition report import and bounded capture.	
Software deployment and cleanup	Revo Uninstaller	https://www.revouninstaller.com/	Add licensed installed-tool handoff and before/after software inventory.	Uninstall and registry cleanup require explicit selection.
Software deployment and cleanup	Geek Uninstaller	https://geekuninstaller.com/	Add installed-tool handoff and current commercial terms review.	App removal changes system state.
Software deployment and cleanup	O&O ShutUp10++	https://www.oo-software.com/en/shutup10	Add privacy-settings handoff with exported before/after configuration.	Settings can affect updates, telemetry and enterprise policy.
Software deployment and cleanup	WinGet	https://learn.microsoft.com/windows/package-manager/winget/	Add package inventory and user-selected verified install/update plans.	No automatic bulk changes.
Software deployment and cleanup	Chocolatey	https://chocolatey.org/	Add optional installed-package inventory and approved package-source handoff.	Community package scripts and commercial edition terms need review.
Software deployment and cleanup	Ninite	https://ninite.com/	Add user-selected installer handoff with current commercial terms review.	Do not assume consumer installer terms cover MSP deployment.
Software deployment and cleanup	Everything	https://www.voidtools.com/	Add selected-file search handoff and installed detection.	Search paths can reveal private filenames.
NirSoft toolkit	NirLauncher	https://launcher.nirsoft.net/	Add utility discovery and per-tool links/licensing/provenance review.	Do not assume every bundled utility has identical terms or privacy behavior.
NirSoft toolkit	USBDeview	https://www.nirsoft.net/utils/usb_devices_view.html	Add USB device history report import.	Device identifiers are private.
NirSoft toolkit	DriverView	https://www.nirsoft.net/utils/driverview.html	Add loaded-driver report import and signature/version correlation.	
NirSoft toolkit	CurrPorts	https://www.nirsoft.net/utils/cports.html	Add process-linked port snapshot import.	Connection endpoints can be private.
NirSoft toolkit	ShellExView	https://www.nirsoft.net/utils/shexview.html	Add shell-extension inventory and explorer-crash correlation.	Disabling extensions remains user-controlled.
NirSoft toolkit	AppCrashView	https://www.nirsoft.net/utils/app_crash_view.html	Add Windows Error Reporting history import and crash timeline correlation.	Reports may contain private paths and application identifiers.
